{
    "jeune": [
        {
            "id": 1,
            "nom": "codaccioni",
            "prenom": "nathan",
            "email": "nathan@codaccioni.com",
            "date": "2002-07-25",
            "reseau": "instagram",
            "tel": "0643453021",
            "mdp": "ok",
            "references": [
                {
                    "nom_ref": "dachraoui",
                    "prenom_ref": "elyes",
                    "email_ref": "dachraouielyes@outlook.com",
                    "engagement": "babay-sitting",
                    "duree": "3 ans",
                    "milieu": "Bac",
                    "qualites": [
                        "Autonome",
                        "A l'écoute",
                        "Organisé",
                        "Responsable"
                    ]
                }
            ]
        }
    ]
}